{
    "mse": 0.0013599088415503502,
    "mae": 0.01911420375108719,
    "rmse": 0.036876942962408066,
    "r2": -0.0001169443130493164,
    "spearman_corr": -0.013488729007688384
}